text,label
Act now before it's too late!,1
"Limited time offer, don't miss out!",1
Join thousands of satisfied customers today!,1
Get exclusive access!,1
Last chance to save!,1
Unlock premium features instantly!,1
Start your free trial now!,1
Reserve your spot now!,1
Experience the difference!,1
Instant access - sign up now!,1
"Hurry, supplies are running out!",1
"Don't delay, start today!",1
Upgrade now for maximum benefits!,1
Take control of your future!,1
Join the revolution!,1
See results in minutes!,1
Get ahead of the competition!,1
Don't settle for less!,1
Supercharge your productivity!,1
Transform your life today!,1
Seize the opportunity now!,1
Limited availability - act fast!,1
Start your journey now!,1
Don't miss this incredible offer!,1
Be part of something bigger!,1
Upgrade to unlock unlimited access!,1
Time is of the essence - act now!,1
Discover the secret to success!,1
Start seeing results instantly!,1
"Don't wait, start now!",1
Reserve your spot before it's gone!,1
Get ahead of the curve!,1
Maximize your potential today!,1
Take the first step towards greatness!,1
Instantly improve your life!,1
Don't miss your chance to save big!,1
Unlock your full potential now!,1
Experience the power of [product/service]!,1
Ignite your passion today!,1
Limited quantities available - act now!,1
Don't hesitate - join now!,1
Achieve your goals faster!,1
Start your journey to success today!,1
Time is running out - don't wait!,1
Gain an unfair advantage!,1
Sign up now for exclusive benefits!,1
Take your [goal] to the next level!,1
Don't miss this once-in-a-lifetime opportunity!,1
Skyrocket your [goal] now!,1
Don't miss out on massive savings!,1
Join the elite club today!,1
Get instant access to top-notch [product/service]!,1
Elevate your [goal] to new heights!,1
Seize the moment and act now!,1
Unleash your potential today!,1
Take charge of your destiny!,1
Don't let this opportunity slip away!,1
Start achieving your dreams today!,1
Supercharge your [goal] with our [product/service]!,1
Time is money - invest wisely!,1
Don't wait for tomorrow - start now!,1
Don't settle for mediocrity - aim higher!,1
Join the ranks of successful individuals!,1
Don't let excuses hold you back - act now!,1
Unlock the door to success!,1
Take control of your destiny today!,1
Don't procrastinate - start today!,1
Start your transformation now!,1
Don't let fear stop you - take action!,1
Achieve greatness with our [product/service]!,1
Don't miss your chance to shine!,1
Start living your best life now!,1
Secure your future today!,1
Don't miss out on this golden opportunity!,1
Break free from limitations!,1
Start your journey to [goal] today!,1
Don't settle for ordinary - be extraordinary!,1
Join the [product/service] revolution!,1
Seize your moment of glory!,1
Don't let doubts hold you back - take the plunge!,1
Unlock the door to success with us!,1
Start your path to success today!,1
Don't wait for luck - create your own destiny!,1
Embrace change and start now!,1
Don't wait for permission - make it happen!,1
Join the movement towards greatness!,1
Don't miss out on this life-changing opportunity!,1
Start making waves today!,1
Don't let opportunities slip through your fingers!,1
Invest in your future now!,1
Don't let setbacks deter you - keep pushing forward!,1
Start building your empire today!,1
Don't let inertia hold you back - take action!,1
Join the winning team today!,1
Don't just dream it - achieve it!,1
Start your journey towards success now!,1
Don't wait for miracles - make them happen!,1
Take the first step towards greatness today!,1
Don't just survive - thrive!,1
Start living the life you deserve today!,1
"Welcome to [Company Name], where innovation meets excellence.",0
Our mission is to provide high-quality products/services at affordable prices.,0
Learn more about our company's history and values.,0
Explore our wide range of products/services tailored to meet your needs.,0
Meet our team of dedicated professionals committed to customer satisfaction.,0
Contact us for any inquiries or assistance - we're here to help!,0
Discover the features and benefits of our flagship products/services.,0
Join our community of satisfied customers who trust us for all their needs.,0
"Check out our blog for the latest industry news, tips, and insights.",0
Browse through our catalog to find the perfect solution for you.,0
Get to know our company's leadership team and their expertise.,0
Find answers to frequently asked questions in our comprehensive FAQ section.,0
Stay updated with our newsletter for exclusive offers and promotions.,0
Experience the convenience of shopping online with us.,0
Learn about our commitment to sustainability and corporate responsibility.,0
Our products/services are designed with your convenience in mind.,0
We offer flexible payment options to suit your budget.,0
Trust in our reliable customer support team to assist you every step of the way.,0
Explore our user-friendly website for a seamless browsing experience.,0
Discover why customers choose us for their [product/service] needs.,0
Our pricing is transparent and competitive - no hidden fees.,0
Learn about the technology behind our innovative products/services.,0
We take pride in our reputation for quality and reliability.,0
Sign up for updates and special offers delivered straight to your inbox.,0
"Connect with us on social media for news, updates, and more.",0
Explore our gallery to see our products/services in action.,0
We value your feedback - share your experience with us.,0
Our customer testimonials speak to the quality of our products/services.,0
Discover the benefits of choosing [Company Name] for your [product/service] needs.,0
Learn how our products/services can streamline your workflow and save you time.,0
We offer a range of customization options to suit your unique requirements.,0
Check out our customer reviews to see what others are saying about us.,0
Our commitment to excellence is reflected in everything we do.,0
"Explore our resources section for helpful guides, tutorials, and more.",0
Our team is dedicated to providing exceptional service to every customer.,0
Find out why we're a leader in the [industry/niche].,0
We're constantly innovating to bring you the latest advancements in [industry/niche].,0
Learn about the benefits of partnering with us for your [industry/niche] needs.,0
Our easy-to-use platform makes it simple to [action].,0
Discover the advantages of choosing us as your trusted [industry/niche] partner.,0
Learn about the benefits of investing in our products/services.,0
We're committed to your satisfaction - guaranteed.,0
Our knowledgeable sales team is here to answer any questions you may have.,0
Explore our case studies to see real-world examples of our products/services in action.,0
We offer comprehensive training and support to ensure your success.,0
Learn about our commitment to data security and privacy protection.,0
Our products/services are backed by industry-leading warranties.,0
Discover the difference that our products/services can make for your business.,0
We're proud to serve customers across [region/country].,0
Learn about our company's commitment to diversity and inclusion.,0
Explore our career opportunities and join our team of talented professionals.,0
Our customer service team is available 24/7 to assist you.,0
Discover the advantages of choosing us as your long-term [industry/niche] partner.,0
Learn about our company's dedication to customer satisfaction and loyalty.,0
Our products/services are designed to grow with your business.,0
Explore our knowledge base for answers to common questions and troubleshooting tips.,0
Learn about our company's involvement in community outreach and philanthropy.,0
We're proud to be recognized as a leader in the [industry/niche].,0
Discover our commitment to environmental sustainability and corporate responsibility.,0
Learn about our company's culture and values.,0
"Explore our resources for educators, including lesson plans and classroom materials.",0
Our products/services are trusted by businesses of all sizes.,0
Learn about the benefits of partnering with us for your [industry/niche] needs.,0
Discover how our products/services can help you achieve your goals.,0
Our team is dedicated to continuous improvement and innovation.,0
Learn about our commitment to transparency and ethical business practices.,0
Explore our partnerships with leading organizations in the [industry/niche].,0
Our products/services are designed to meet the highest standards of quality and reliability.,0
"Learn about our company's commitment to diversity, equity, and inclusion.",0
Discover the advantages of choosing us as your trusted [industry/niche] partner.,0
Our products/services are backed by years of research and development.,0
Learn about our commitment to customer satisfaction and loyalty.,0
Explore our comprehensive support resources for troubleshooting and assistance.,0
Our team of experts is here to help you find the perfect solution for your needs.,0
Discover how our products/services can help you achieve your business objectives.,0
Learn about our commitment to social responsibility and giving back to the community.,0
"Explore our blog for industry insights, tips, and best practices.",0
Our products/services are designed to exceed your expectations.,0
Learn about our company's history and vision for the future.,0
Discover the benefits of choosing us as your trusted [industry/niche] partner.,0
Our products/services are backed by a team of experts dedicated to your success.,0
Explore our range of solutions tailored to meet your specific needs.,0
Learn about our commitment to environmental sustainability and conservation.,0
Our products/services are designed with ease of use in mind.,0
Discover how our products/services can help you stay ahead of the competition.,0
Learn about our commitment to customer privacy and data security.,0
Explore our library of resources for industry insights and best practices.,0
Our team is dedicated to delivering exceptional service and support.,0
Discover the benefits of partnering with us for your [industry/niche] needs.,0
Learn about our company's culture of innovation and creativity.,0
Our products/services are trusted by leading organizations around the world.,0
Explore our range of products/services designed to meet your specific requirements.,0
Learn about our commitment to quality and customer satisfaction.,0
Discover how our products/services can help you achieve your business objectives.,0
Our team is committed to your success and satisfaction.,0
Explore our portfolio of successful projects and satisfied customers.,0
Learn about our company's commitment to excellence and integrity.,0
Discover the advantages of choosing us as your trusted [industry/niche] partner.,0
Our products/services are designed to make your life easier and more efficient.,0
Learn about our company's dedication to innovation and continuous improvement.,0
"""Don't be left behind, join the trend today!""",2
"""Upgrade now and stay relevant in today's fast-paced world!""",2
"""Why settle for outdated when you can have cutting-edge?""",2
"""Keep up with the times – don't miss out on the latest!""",2
"""Stay ahead of the curve by embracing innovation.""",2
"""Don't get stuck in the past, move forward with us!""",2
"""Old-fashioned methods won't cut it anymore – it's time to modernize.""",2
"""Join the modern age and ditch the outdated ways.""",2
"""Still using traditional methods? It's time for an upgrade.""",2
"""Stop living in the past – step into the future!""",2
"""Don't be the only one left behind – upgrade now!""",2
"""Why cling to the past when you can embrace the future?""",2
"""Outdated practices are holding you back – make the switch today!""",2
"""Join the ranks of the forward-thinkers and innovators.""",2
"""Upgrade now and leave your competitors in the dust!""",2
"""It's time to evolve – upgrade your strategies today.""",2
"""Don't let fear of change hold you back – embrace progress!""",2
"""Still doing things the old way? It's time for a change.""",2
"""Stay relevant in today's digital world – upgrade now!""",2
"""Don't be a dinosaur – evolve with the times!""",2
"""Embrace new technologies or risk falling behind.""",2
"""Innovation is the key to success – don't get left behind!""",2
"""Why settle for average when you can strive for excellence?""",2
"""Mediocrity is not an option – aim higher!""",2
"""Don't settle for second best – demand the best!""",2
"""Why conform to the norm when you can stand out from the crowd?""",2
"""Be a trendsetter, not a follower.""",2
"""Don't be afraid to break the mold – dare to be different!""",2
"""Why blend in when you were born to stand out?""",2
"""Don't be ordinary – be extraordinary!""",2
"""Stop trying to fit in – it's time to stand out!""",2
"""Be bold, be brave, be unique!""",2
"""Why be like everyone else when you can be yourself?""",2
"""Conformity is overrated – embrace your individuality!""",2
"""Don't be afraid to go against the grain – be a trailblazer!""",2
"""Normal is boring – dare to be different!""",2
"""Why be a sheep when you can be a wolf?""",2
"""Don't follow the crowd – lead the pack!""",2
"""Embrace your quirks and celebrate what makes you unique.""",2
"""Why conform to societal norms when you can create your own?""",2
"""Stop trying to fit into society's mold – be your own person!""",2
"""Be proud of who you are and what you stand for.""",2
"""Don't let society dictate how you should live your life.""",2
"""Why conform to outdated gender roles? Break free from stereotypes!""",2
"""Be yourself, unapologetically and authentically.""",2
"""Stop trying to please everyone – focus on being true to yourself.""",2
"""Don't let societal pressures dictate your choices.""",2
"""Why conform to societal expectations when you can defy them?""",2
"""Embrace your individuality and let your true self shine.""",2
"""Don't hide your uniqueness – let it be your superpower!""",2
"""Why conform to societal standards of beauty? Embrace your flaws!""",2
"""Stop comparing yourself to others – you are enough.""",2
"""Don't let societal standards define your worth.""",2
"""Why conform to traditional notions of success? Define your own path!""",2
"""Be proud of your accomplishments, no matter how small.""",2
"""Don't let others' opinions hold you back from pursuing your dreams.""",2
"""Why conform to society's definition of happiness? Find your own joy!""",2
"""Stop seeking validation from others – true happiness comes from within.""",2
"""Don't let fear of judgment stop you from expressing yourself.""",2
"""Why conform to societal norms of success? Forge your own path!""",2
"""Be proud of your unique talents and abilities.""",2
"""Don't let fear of failure prevent you from taking risks.""",2
"""Why conform to societal expectations of love? Define your own relationships!""",2
"""Stop seeking approval from others – love yourself first.""",2
"""Don't let society's standards of beauty dictate how you see yourself.""",2
"""Why conform to societal norms of masculinity? Embrace your sensitivity!""",2
"""Be proud of your emotions and express them freely.""",2
"""Don't let toxic masculinity dictate how you should behave.""",2
"""Why conform to traditional gender roles? Break free from stereotypes!""",2
"""Stop trying to fit into society's narrow definition of success.""",2
"""Be proud of your unique identity and embrace it fully.""",2
"""Don't let society's expectations limit your potential.""",2
"""Why conform to societal norms of aging? Embrace your wrinkles!""",2
"""Be proud of your journey and the wisdom that comes with it.""",2
"""Don't let society's obsession with youth define your worth.""",2
"""Why conform to societal standards of beauty? Embrace your imperfections!""",2
"""Be proud of your scars – they tell a story of resilience.""",2
"""Don't let society's standards of success dictate your happiness.""",2
"""Why conform to societal expectations of wealth? Find contentment in simplicity!""",2
"""Be proud of your values and live by them unapologetically.""",2
"""Don't let society's obsession with materialism cloud your judgment.""",2
"""Why conform to societal norms of productivity? Embrace rest and relaxation!""",2
"""Be proud of your boundaries and assert them confidently.""",2
"""Don't let society's pressure to always be busy burn you out.""",2
"""Why conform to societal standards of education? Learn at your own pace!""",2
"""Be proud of your curiosity and never stop learning.""",2
"""Don't let society's expectations of intelligence define your worth.""",2
"""Why conform to societal norms of success? Define your own measures of achievement!""",2
"""Be proud of your resilience and ability to overcome challenges.""",2
"""Don't let society's pressure to always be positive invalidate your emotions.""",2
"""Why conform to societal expectations of happiness? Find joy in the little things!""",2
"""Be proud of your ability to find happiness in unexpected places.""",2
"""Don't let society's definition of success overshadow your true priorities.""",2
"""Why conform to societal standards of beauty? Embrace your natural self!""",2
"""Be proud of your authenticity and let it shine through in everything you do.""",2
"""Don't let society's obsession with perfection hold you back from taking risks.""",2
"""Why conform to societal norms of behavior? Be true to your values!""",2
"""Be proud of your integrity and stand up for what you believe in.""",2
"""Don't let society's pressure to fit in compromise your authenticity.""",2
"""Why conform to societal expectations of success? Define your own",2